{
  "analysis_complete": true,
  "total_molecules": 1,
  "successful_molecules": 1,
  "processing_time": 7.57429838180542,
  "molecular_results": [
    {
      "molecule_name": "H4",
      "success": true,
      "n_qubits": 8,
      "bond_dimensions": [
        1,
        2,
        3,
        4,
        5,
        6,
        7,
        8,
        9,
        10
      ],
      "energies": [
        -1.8877903044840554,
        -2.029070493591962
      ],
      "mps_overlaps": {
        "1": 0.6,
        "2": 0.7,
        "3": 0.8,
        "4": 0.9,
        "5": 1.0,
        "6": 1.0,
        "7": 1.0,
        "8": 1.0,
        "9": 1.0,
        "10": 1.0
      },
      "sparse_eigenvalues": [
        -3.243089455906976,
        -3.243089455906976,
        -3.243089455906976,
        -3.243089455906976,
        -3.243089455906976
      ],
      "is_sparse_matrix": false
    }
  ],
  "gap_results": [
    {
      "molecule_name": "H4",
      "success": true,
      "bond_dimensions": [
        1,
        2,
        3,
        4,
        5,
        6,
        7,
        8,
        9,
        10
      ],
      "min_gaps": [
        0.3125,
        0.0,
        0.0,
        0.0625,
        0.0625,
        0.0,
        0.0,
        0.125,
        0.125,
        1.0658141036401503e-14
      ],
      "results": {
        "1": {
          "s_values": [
            0.0,
            0.05263157894736842,
            0.10526315789473684,
            0.15789473684210525,
            0.21052631578947367,
            0.2631578947368421,
            0.3157894736842105,
            0.3684210526315789,
            0.42105263157894735,
            0.47368421052631576,
            0.5263157894736842,
            0.5789473684210527,
            0.631578947368421,
            0.6842105263157894,
            0.7368421052631579,
            0.7894736842105263,
            0.8421052631578947,
            0.894736842105263,
            0.9473684210526315,
            1.0
          ],
          "gaps": [
            1.625,
            0.75,
            0.6875,
            0.625,
            3.0,
            2.0625,
            0.6875,
            1.75,
            0.75,
            0.4375,
            1.0,
            0.3125,
            0.3125,
            3.8125,
            2.375,
            2.125,
            3.875,
            1.25,
            0.75,
            3.5
          ],
          "normalized_gaps": [
            0.6341463414634146,
            0.2926829268292683,
            0.2682926829268293,
            0.24390243902439024,
            1.170731707317073,
            0.8048780487804879,
            0.2682926829268293,
            0.6829268292682927,
            0.2926829268292683,
            0.17073170731707318,
            0.3902439024390244,
            0.12195121951219512,
            0.12195121951219512,
            1.4878048780487805,
            0.926829268292683,
            0.8292682926829268,
            1.5121951219512195,
            0.4878048780487805,
            0.2926829268292683,
            1.3658536585365855
          ],
          "min_gap": 0.3125
        },
        "2": {
          "s_values": [
            0.0,
            0.05263157894736842,
            0.10526315789473684,
            0.15789473684210525,
            0.21052631578947367,
            0.2631578947368421,
            0.3157894736842105,
            0.3684210526315789,
            0.42105263157894735,
            0.47368421052631576,
            0.5263157894736842,
            0.5789473684210527,
            0.631578947368421,
            0.6842105263157894,
            0.7368421052631579,
            0.7894736842105263,
            0.8421052631578947,
            0.894736842105263,
            0.9473684210526315,
            1.0
          ],
          "gaps": [
            1.1875,
            1.1875,
            0.0625,
            1.125,
            0.125,
            0.1875,
            0.875,
            0.6875,
            0.875,
            2.8125,
            1.375,
            1.4375,
            1.0625,
            0.625,
            2.4375,
            0.0,
            0.875,
            1.53125,
            0.09375,
            0.46875
          ],
          "normalized_gaps": [
            1.4339622641509433,
            1.4339622641509433,
            0.07547169811320754,
            1.3584905660377358,
            0.1509433962264151,
            0.22641509433962265,
            1.0566037735849056,
            0.8301886792452831,
            1.0566037735849056,
            3.3962264150943398,
            1.6603773584905661,
            1.7358490566037736,
            1.2830188679245282,
            0.7547169811320755,
            2.943396226415094,
            0.0,
            1.0566037735849056,
            1.849056603773585,
            0.11320754716981132,
            0.5660377358490566
          ],
          "min_gap": 0.0
        },
        "3": {
          "s_values": [
            0.0,
            0.05263157894736842,
            0.10526315789473684,
            0.15789473684210525,
            0.21052631578947367,
            0.2631578947368421,
            0.3157894736842105,
            0.3684210526315789,
            0.42105263157894735,
            0.47368421052631576,
            0.5263157894736842,
            0.5789473684210527,
            0.631578947368421,
            0.6842105263157894,
            0.7368421052631579,
            0.7894736842105263,
            0.8421052631578947,
            0.894736842105263,
            0.9473684210526315,
            1.0
          ],
          "gaps": [
            0.0,
            1.4375,
            0.625,
            5.25,
            5.5,
            0.5,
            3.25,
            8.5,
            1.5,
            4.0,
            6.5,
            1.5,
            11.0,
            1.0,
            43.0,
            23.0,
            28.0,
            14.0,
            11.0,
            41.0
          ],
          "normalized_gaps": [
            0.0,
            0.0701219512195122,
            0.03048780487804878,
            0.25609756097560976,
            0.2682926829268293,
            0.024390243902439025,
            0.15853658536585366,
            0.4146341463414634,
            0.07317073170731707,
            0.1951219512195122,
            0.3170731707317073,
            0.07317073170731707,
            0.5365853658536586,
            0.04878048780487805,
            2.097560975609756,
            1.1219512195121952,
            1.3658536585365855,
            0.6829268292682927,
            0.5365853658536586,
            2.0
          ],
          "min_gap": 0.0
        },
        "4": {
          "s_values": [
            0.0,
            0.05263157894736842,
            0.10526315789473684,
            0.15789473684210525,
            0.21052631578947367,
            0.2631578947368421,
            0.3157894736842105,
            0.3684210526315789,
            0.42105263157894735,
            0.47368421052631576,
            0.5263157894736842,
            0.5789473684210527,
            0.631578947368421,
            0.6842105263157894,
            0.7368421052631579,
            0.7894736842105263,
            0.8421052631578947,
            0.894736842105263,
            0.9473684210526315,
            1.0
          ],
          "gaps": [
            1.4375,
            0.25,
            2.25,
            1.0625,
            3232746215463.4375,
            1.25,
            0.75,
            0.0625,
            1.5,
            1.3125,
            2.25,
            1.0,
            0.4375,
            0.125,
            0.875,
            1.0625,
            0.4375,
            0.6875,
            0.09375,
            0.15625
          ],