{
  "molecule_name": "H6",
  "n_qubits": 12,
  "hf_energy": -3.0,
  "fci_energy": -3.6,
  "pauli_terms": {
    "IIIIIIIIIIII": {
      "real": -0.6000000000000001,
      "imag": 0.0
    },
    "ZIIIIIIIIIII": {
      "real": 0.30496714153011234,
      "imag": 0.0
    },
    "IZIIIIIIIIII": {
      "real": 0.2986173569882881,
      "imag": 0.0
    },
    "IIZIIIIIIIII": {
      "real": 0.3064768853810069,
      "imag": 0.0
    },
    "IIIZIIIIIIII": {
      "real": 0.31523029856408025,
      "imag": 0.0
    },
    "IIIIZIIIIIII": {
      "real": 0.29765846625276665,
      "imag": 0.0
    },
    "IIIIIZIIIIII": {
      "real": 0.29765863043050816,
      "imag": 0.0
    },
    "IIIIIIZIIIII": {
      "real": 0.3157921281550739,
      "imag": 0.0
    },
    "IIIIIIIZIIII": {
      "real": 0.3076743472915291,
      "imag": 0.0
    },
    "IIIIIIIIZIII": {
      "real": 0.29530525614065045,
      "imag": 0.0
    },
    "IIIIIIIIIZII": {
      "real": 0.30542560043585965,
      "imag": 0.0
    },
    "IIIIIIIIIIZI": {
      "real": 0.29536582307187537,
      "imag": 0.0
    },
    "IIIIIIIIIIIZ": {
      "real": 0.29534270246429745,
      "imag": 0.0
    },
    "ZZIIIIIIIIII": {
      "real": 0.10120981135783018,
      "imag": 0.0
    },
    "IZZIIIIIIIII": {
      "real": 0.09043359877671102,
      "imag": 0.0
    },
    "IIZZIIIIIIII": {
      "real": 0.09137541083743483,
      "imag": 0.0
    },
    "IIIZZIIIIIII": {
      "real": 0.09718856235379514,
      "imag": 0.0
    },
    "IIIIZZIIIIII": {
      "real": 0.09493584439832789,
      "imag": 0.0
    },
    "IIIIIZZIIIII": {
      "real": 0.10157123666297638,
      "imag": 0.0
    },
    "IIIIIIZZIIII": {
      "real": 0.09545987962239395,
      "imag": 0.0
    },
    "IIIIIIIZZIII": {
      "real": 0.09293848149332355,
      "imag": 0.0
    },
    "IIIIIIIIZZII": {
      "real": 0.10732824384460778,
      "imag": 0.0
    },
    "IIIIIIIIIZZI": {
      "real": 0.09887111849756733,
      "imag": 0.0
    },
    "IIIIIIIIIIZZ": {
      "real": 0.10033764102343963,
      "imag": 0.0
    },
    "XXIIIIIIIIII": {
      "real": -0.04928762590689328,
      "imag": 0.0
    },
    "YYIIIIIIIIII": {
      "real": -0.04972780863773741,
      "imag": 0.0
    },
    "IIXXIIIIIIII": {
      "real": -0.050055461294854935,
      "imag": 0.0
    },
    "IIYYIIIIIIII": {
      "real": -0.049424503211288856,
      "imag": 0.0
    },
    "IIIIXXIIIIII": {
      "real": -0.050187849009172836,
      "imag": 0.0
    },
    "IIIIYYIIIIII": {
      "real": -0.0496996806550406,
      "imag": 0.0
    },
    "IIIIIIXXIIII": {
      "real": -0.04985415312510336,
      "imag": 0.0
    },
    "IIIIIIYYIIII": {
      "real": -0.0496991466938853,
      "imag": 0.0
    },
    "IIIIIIIIXXII": {
      "real": -0.05092613909225448,
      "imag": 0.0
    },
    "IIIIIIIIYYII": {
      "real": -0.049993251387631034,
      "imag": 0.0
    },
    "IIIIIIIIIIXX": {
      "real": -0.04947114453552205,
      "imag": 0.0
    },
    "IIIIIIIIIIYY": {
      "real": -0.05041127245605159,
      "imag": 0.0
    }
  }
}