{
  "molecule_name": "H8",
  "n_qubits": 16,
  "hf_energy": -4.0,
  "fci_energy": -4.8,
  "pauli_terms": {
    "IIIIIIIIIIIIIIII": {
      "real": -0.8,
      "imag": 0.0
    },
    "ZIIIIIIIIIIIIIII": {
      "real": 0.2877915635002898,
      "imag": 0.0
    },
    "IZIIIIIIIIIIIIII": {
      "real": 0.30208863595004753,
      "imag": 0.0
    },
    "IIZIIIIIIIIIIIII": {
      "real": 0.28040329876120224,
      "imag": 0.0
    },
    "IIIZIIIIIIIIIIII": {
      "real": 0.28671813951101566,
      "imag": 0.0
    },
    "IIIIZIIIIIIIIIII": {
      "real": 0.3019686123586912,
      "imag": 0.0
    },
    "IIIIIZIIIIIIIIII": {
      "real": 0.3073846657999541,
      "imag": 0.0
    },
    "IIIIIIZIIIIIIIII": {
      "real": 0.3017136828118997,
      "imag": 0.0
    },
    "IIIIIIIZIIIIIIII": {
      "real": 0.29884351717611757,
      "imag": 0.0
    },
    "IIIIIIIIZIIIIIII": {
      "real": 0.2969889630441071,
      "imag": 0.0
    },
    "IIIIIIIIIZIIIIII": {
      "real": 0.2852147800963257,
      "imag": 0.0
    },
    "IIIIIIIIIIZIIIII": {
      "real": 0.2928015579160529,
      "imag": 0.0
    },
    "IIIIIIIIIIIZIIII": {
      "real": 0.2953936122904021,
      "imag": 0.0
    },
    "IIIIIIIIIIIIZIII": {
      "real": 0.31057122226218914,
      "imag": 0.0
    },
    "IIIIIIIIIIIIIZII": {
      "real": 0.3034361828956846,
      "imag": 0.0
    },
    "IIIIIIIIIIIIIIZI": {
      "real": 0.28236959844637266,
      "imag": 0.0
    },
    "IIIIIIIIIIIIIIIZ": {
      "real": 0.30324083969394794,
      "imag": 0.0
    },
    "ZZIIIIIIIIIIIIII": {
      "real": 0.09807458859791843,
      "imag": 0.0
    },
    "IZZIIIIIIIIIIIII": {
      "real": 0.0966153899984702,
      "imag": 0.0
    },
    "IIZZIIIIIIIIIIII": {
      "real": 0.10305838144420434,
      "imag": 0.0
    },
    "IIIZZIIIIIIIIIII": {
      "real": 0.10515499761247976,
      "imag": 0.0
    },
    "IIIIZZIIIIIIIIII": {
      "real": 0.104656400595581,
      "imag": 0.0
    },
    "IIIIIZZIIIIIIIII": {
      "real": 0.09580391238388682,
      "imag": 0.0
    },
    "IIIIIIZZIIIIIIII": {
      "real": 0.09845393812074393,
      "imag": 0.0
    },
    "IIIIIIIZZIIIIIII": {
      "real": 0.10165631715701783,
      "imag": 0.0
    },
    "IIIIIIIIZZIIIIII": {
      "real": 0.1048777256356118,
      "imag": 0.0
    },
    "IIIIIIIIIZZIIIII": {
      "real": 0.09760412881077356,
      "imag": 0.0
    },
    "IIIIIIIIIIZZIIII": {
      "real": 0.09907170511668092,
      "imag": 0.0
    },
    "IIIIIIIIIIIZZIII": {
      "real": 0.09446832512996986,
      "imag": 0.0
    },
    "IIIIIIIIIIIIZZII": {
      "real": 0.09401896687959665,
      "imag": 0.0
    },
    "IIIIIIIIIIIIIZZI": {
      "real": 0.10406262911197099,
      "imag": 0.0
    },
    "IIIIIIIIIIIIIIZZ": {
      "real": 0.10678120014285412,
      "imag": 0.0
    },
    "XXIIIIIIIIIIIIII": {
      "real": -0.04996399493920983,
      "imag": 0.0
    },
    "YYIIIIIIIIIIIIII": {
      "real": -0.05050176644894602,
      "imag": 0.0
    },
    "IIXXIIIIIIIIIIII": {
      "real": -0.050180818012523824,
      "imag": 0.0
    },
    "IIYYIIIIIIIIIIII": {
      "real": -0.04967744012269744,
      "imag": 0.0
    },
    "IIIIXXIIIIIIIIII": {
      "real": -0.05018069780275421,
      "imag": 0.0
    },
    "IIIIYYIIIIIIIIII": {
      "real": -0.050769018283232985,
      "imag": 0.0
    },
    "IIIIIIXXIIIIIIII": {
      "real": -0.049982086980445026,
      "imag": 0.0
    },
    "IIIIIIYYIIIIIIII": {
      "real": -0.05078232182790701,
      "imag": 0.0
    },
    "IIIIIIIIXXIIIIII": {
      "real": -0.04869012744795513,
      "imag": 0.0
    },
    "IIIIIIIIYYIIIIII": {
      "real": -0.050410951252187614,
      "imag": 0.0
    },
    "IIIIIIIIIIXXIIII": {
      "real": -0.05004352353411909,
      "imag": 0.0
    },
    "IIIIIIIIIIYYIIII": {
      "real": -0.04985049632476707,
      "imag": 0.0
    },
    "IIIIIIIIIIIIXXII": {
      "real": -0.05004588038826775,
      "imag": 0.0
    },
    "IIIIIIIIIIIIYYII": {
      "real": -0.04900621554269956,
      "imag": 0.0
    },
    "IIIIIIIIIIIIIIXX": {
      "real": -0.049890164056081245,
      "imag": 0.0
    },
    "IIIIIIIIIIIIIIYY": {
      "real": -0.050178556285755876,
      "imag": 0.0
    }
  }
}