{
  "molecule_name": "H2",
  "n_qubits": 4,
  "hf_energy": -1.1167593073964257,
  "fci_energy": -1.1372838344885023,
  "pauli_terms": {
    "II": {
      "real": -0.14908497862799652,
      "imag": 0.0
    },
    "ZI": {
      "real": 0.6266548933229887,
      "imag": 0.0
    },
    "IZ": {
      "real": 0.23753442438608896,
      "imag": 0.0
    }
  }
}