{
  "molecule_name": "H2",
  "n_qubits": 4,
  "hf_energy": -1.1167593073964253,
  "fci_energy": -1.137283834488502,
  "pauli_terms": {
    "II": {
      "real": -0.14908497862799677,
      "imag": 0.0
    },
    "ZI": {
      "real": 0.6266548933229885,
      "imag": 0.0
    },
    "IZ": {
      "real": 0.23753442438608935,
      "imag": 0.0
    }
  }
}