{
  "molecule_name": "H2O",
  "n_qubits": 14,
  "hf_energy": -74.9630631297276,
  "fci_energy": -75.01264711899164,
  "pauli_terms": {
    "IIIIIII": {
      "real": -26.871280868410395,
      "imag": 0.0
    },
    "ZIIIIII": {
      "real": 16.35121770878694,
      "imag": 0.0
    },
    "YYIIIII": {
      "real": 0.27904784974742924,
      "imag": 0.0
    },
    "XXIIIII": {
      "real": 0.27904784974742924,
      "imag": 0.0
    },
    "YZZYIII": {
      "real": -0.11763457399314575,
      "imag": 0.0
    },
    "XZZXIII": {
      "real": -0.11763457399314575,
      "imag": 0.0
    },
    "YZZZZYI": {
      "real": 0.1522392275026393,
      "imag": 0.0
    },
    "XZZZZXI": {
      "real": 0.1522392275026393,
      "imag": 0.0
    },
    "IZIIIII": {
      "real": 3.8353336708317562,
      "imag": 0.0
    },
    "IYZYIII": {
      "real": 0.21595793904920238,
      "imag": 0.0
    },
    "IXZXIII": {
      "real": 0.21595793904920238,
      "imag": 0.0
    },
    "IYZZZYI": {
      "real": -0.6906373289028451,
      "imag": 0.0
    },
    "IXZZZXI": {
      "real": -0.6906373289028451,
      "imag": 0.0
    },
    "IIZIIII": {
      "real": 3.181845002847592,
      "imag": 0.0
    },
    "IIYZZZY": {
      "real": -0.8548757405817771,
      "imag": 0.0
    },
    "IIXZZZX": {
      "real": -0.8548757405817771,
      "imag": 0.0
    },
    "IIIZIII": {
      "real": 3.4927723178923142,
      "imag": 0.0
    },
    "IIIYZYI": {
      "real": -0.5403588259442964,
      "imag": 0.0
    },
    "IIIXZXI": {
      "real": -0.5403588259442964,
      "imag": 0.0
    },
    "IIIIZII": {
      "real": 3.7285216832299013,
      "imag": 0.0
    },
    "IIIIIZI": {
      "real": 2.668264159541801,
      "imag": 0.0
    },
    "IIIIIIZ": {
      "real": 2.801584743026205,
      "imag": 0.0
    }
  }
}