{
  "molecule_name": "H2O",
  "n_qubits": 14,
  "hf_energy": -74.96306312972763,
  "fci_energy": -75.01264711899165,
  "pauli_terms": {
    "IIIIIII": {
      "real": -26.871280868410416,
      "imag": 0.0
    },
    "ZIIIIII": {
      "real": 16.351217708786947,
      "imag": 0.0
    },
    "YYIIIII": {
      "real": 0.2790478497474248,
      "imag": 0.0
    },
    "XXIIIII": {
      "real": 0.2790478497474248,
      "imag": 0.0
    },
    "YZZYIII": {
      "real": -0.11763457399314613,
      "imag": 0.0
    },
    "XZZXIII": {
      "real": -0.11763457399314613,
      "imag": 0.0
    },
    "YZZZZYI": {
      "real": 0.1522392275026647,
      "imag": 0.0
    },
    "XZZZZXI": {
      "real": 0.1522392275026647,
      "imag": 0.0
    },
    "IZIIIII": {
      "real": 3.835333670831708,
      "imag": 0.0
    },
    "IYZYIII": {
      "real": 0.21595793904913624,
      "imag": 0.0
    },
    "IXZXIII": {
      "real": 0.21595793904913624,
      "imag": 0.0
    },
    "IYZZZYI": {
      "real": -0.6906373289029334,
      "imag": 0.0
    },
    "IXZZZXI": {
      "real": -0.6906373289029334,
      "imag": 0.0
    },
    "IIZIIII": {
      "real": 3.1818450028474725,
      "imag": 0.0
    },
    "IIYZZZY": {
      "real": -0.8548757405818042,
      "imag": 0.0
    },
    "IIXZZZX": {
      "real": -0.8548757405818042,
      "imag": 0.0
    },
    "IIIZIII": {
      "real": 3.492772317892496,
      "imag": 0.0
    },
    "IIIYZYI": {
      "real": -0.5403588259441322,
      "imag": 0.0
    },
    "IIIXZXI": {
      "real": -0.5403588259441322,
      "imag": 0.0
    },
    "IIIIZII": {
      "real": 3.728521683229902,
      "imag": 0.0
    },
    "IIIIIZI": {
      "real": 2.66826415954168,
      "imag": 0.0
    },
    "IIIIIIZ": {
      "real": 2.801584743026326,
      "imag": 0.0
    }
  }
}