{
  "molecule_name": "H4",
  "n_qubits": 8,
  "hf_energy": -1.8877903044840554,
  "fci_energy": -2.029070493591962,
  "pauli_terms": {
    "IIII": {
      "real": -0.8025799967677734,
      "imag": 0.0
    },
    "ZIII": {
      "real": 0.7324609991904834,
      "imag": 0.0
    },
    "YZYI": {
      "real": 0.06252381868693344,
      "imag": 0.0
    },
    "XZXI": {
      "real": 0.06252381868693344,
      "imag": 0.0
    },
    "IZII": {
      "real": 0.6433570715962196,
      "imag": 0.0
    },
    "IYZY": {
      "real": 0.04914587606147735,
      "imag": 0.0
    },
    "IXZX": {
      "real": 0.04914587606147735,
      "imag": 0.0
    },
    "IIZI": {
      "real": 0.5605623041367055,
      "imag": 0.0
    },
    "IIIZ": {
      "real": 0.5041290842157937,
      "imag": 0.0
    }
  }
}