{
  "molecule_name": "N2",
  "n_qubits": 20,
  "hf_energy": -107.49597503059056,
  "fci_energy": -107.65299987563185,
  "pauli_terms": {
    "IIIIIIIIII": {
      "real": -36.49048666024748,
      "imag": 0.0
    },
    "ZIIIIIIIII": {
      "real": 13.777640588706145,
      "imag": 0.0
    },
    "YZYIIIIIII": {
      "real": 0.23187228575375024,
      "imag": 0.0
    },
    "XZXIIIIIII": {
      "real": 0.23187228575375024,
      "imag": 0.0
    },
    "YZZZZZYIII": {
      "real": -0.13152149820726475,
      "imag": 0.0
    },
    "XZZZZZXIII": {
      "real": -0.13152149820726475,
      "imag": 0.0
    },
    "IZIIIIIIII": {
      "real": 13.777239862919593,
      "imag": 0.0
    },
    "IYZYIIIIII": {
      "real": -0.24942043459722285,
      "imag": 0.0
    },
    "IXZXIIIIII": {
      "real": -0.24942043459722285,
      "imag": 0.0
    },
    "IYZZZZZZZY": {
      "real": 0.1159862807940504,
      "imag": 0.0
    },
    "IXZZZZZZZX": {
      "real": 0.1159862807940504,
      "imag": 0.0
    },
    "IIZIIIIIII": {
      "real": 4.770910141034031,
      "imag": 0.0
    },
    "IIYZZZYIII": {
      "real": -0.3540225032880583,
      "imag": 0.0
    },
    "IIXZZZXIII": {
      "real": -0.3540225032880583,
      "imag": 0.0
    },
    "IIIZIIIIII": {
      "real": 3.8387751960065812,
      "imag": 0.0
    },
    "IIIYZZZZZY": {
      "real": 0.21156584821236185,
      "imag": 0.0
    },
    "IIIXZZZZZX": {
      "real": 0.21156584821236185,
      "imag": 0.0
    },
    "IIIIZIIIII": {
      "real": 4.029759995510085,
      "imag": 0.0
    },
    "IIIIIZIIII": {
      "real": 4.029759995510087,
      "imag": 0.0
    },
    "IIIIIIZIII": {
      "real": 3.8897432623707537,
      "imag": 0.0
    },
    "IIIIIIIZII": {
      "real": 3.917949958540084,
      "imag": 0.0
    },
    "IIIIIIIIZI": {
      "real": 3.9179499585400794,
      "imag": 0.0
    },
    "IIIIIIIIIZ": {
      "real": 4.156134144716598,
      "imag": 0.0
    }
  }
}