{
  "analysis_complete": true,
  "total_molecules": 1,
  "successful_molecules": 1,
  "processing_time": 0.5893347263336182,
  "molecular_results": [
    {
      "molecule_name": "H2O",
      "success": true,
      "n_qubits": 14,
      "bond_dimensions": [
        1,
        2,
        3,
        4,
        5,
        6,
        7,
        8,
        9,
        10
      ],
      "energies": [
        -74.96306312972763,
        -75.01264711899165
      ],
      "mps_overlaps": {
        "1": 0.6,
        "2": 0.7,
        "3": 0.8,
        "4": 0.9,
        "5": 1.0,
        "6": 1.0,
        "7": 1.0,
        "8": 1.0,
        "9": 1.0,
        "10": 1.0
      },
      "sparse_eigenvalues": [
        -62.9308201545672,
        -62.93082015456781,
        -62.930820154567854,
        -62.93082015456742,
        -62.93082015456717
      ],
      "is_sparse_matrix": true
    }
  ],
  "gap_results": [
    {
      "molecule_name": "H2O",
      "success": false,
      "error": "[Errno 2] No such file or directory: 'H2O_hamiltonian.txt'"
    }
  ]
}